{
  "project_info": {
    "project_number": "1089498817318",
    "firebase_url": "https://productcatalogv1-95f5f.firebaseio.com",
    "project_id": "productcatalogv1-95f5f",
    "storage_bucket": "productcatalogv1-95f5f.appspot.com"
  },
  "client": [
    {
      "client_info": {
        "mobilesdk_app_id": "1:1089498817318:android:aadfeba8c26d67fc",
        "android_client_info": {
          "package_name": "mgarzon.createbest.productcatalog"
        }
      },
      "oauth_client": [
        {
          "client_id": "1089498817318-1um2ec220a9qikv3flvgpug12ib66vgj.apps.googleusercontent.com",
          "client_type": 1,
          "android_info": {
            "package_name": "mgarzon.createbest.productcatalog",
            "certificate_hash": "03532835e214e3c8f0a4a08187b92e1336e75ed4"
          }
        },
        {
          "client_id": "1089498817318-adf6fh4pfgms89qohqdfu04dphao661o.apps.googleusercontent.com",
          "client_type": 3
        }
      ],
      "api_key": [
        {
          "current_key": "AIzaSyCMIVfhND6eiNVvfapPM5tI7U13iad_4lE"
        }
      ],
      "services": {
        "analytics_service": {
          "status": 1
        },
        "appinvite_service": {
          "status": 2,
          "other_platform_oauth_client": [
            {
              "client_id": "1089498817318-adf6fh4pfgms89qohqdfu04dphao661o.apps.googleusercontent.com",
              "client_type": 3
            }
          ]
        },
        "ads_service": {
          "status": 2
        }
      }
    }
  ],
  "configuration_version": "1"
}